{"cameraMode":{"drawMode":0,"name":"Shaded","section":"Shading Mode"},"sceneLighting":false,"audioPlay":false,"sceneViewState":{"showFog":true,"showMaterialUpdate":false,"showSkybox":false,"showFlares":true,"showImageEffects":true,"showParticleSystems":true},"in2DMode":false,"pivot":{"x":4.599999904632568,"y":-0.28999996185302737,"z":3.0972445011138918},"rotation":{"x":-0.016198527067899705,"y":0.02491823025047779,"z":0.000410454289522022,"w":0.9995641708374023},"size":1.4287232160568238,"orthographic":false}